nome=gggggggg;endereco=ggggggggg;telefone=ggggggggg;cpf=gggggggg;email=gabriela@hotmail.com;senha=123456;nome=gabriela;endereco=rua pascoal pavan ;telefone=12121212;cpf=12121212;email=gabriela@hotmail.com;senha=123456nome=gggggggggggggggggggg;endereco=gggggggggggggggg;telefone=gggggggggggggggggg;cpf=gggggggggggggggggg;email=gggggggggggggggggggggggggggggggggggg;senha=ggggggggggggggggggggggg
nome=JJJJJJJJ;endereco=JJJJJJJJJJJJJJJJJ;telefone=JJJJJJJJJJJJJJJJJJJJJJJJJJJJJJJJJJJJ;cpf=JJJJJJJJJJJJJJJJJJJJ;email=JJJJJJJJJJJJJJJJJ;senha=JJJJJJJJJJJJJJJJJJ
nome=JJJJJJJJ;endereco=JJJJJJJJJJJJJJJJJ;telefone=JJJJJJJJJJJJJJJJJJJJJJJJJJJJJJJJJJJJ;cpf=JJJJJJJJJJJJJJJJJJJJ;email=JJJJJJJJJJJJJJJJJ;senha=JJJJJJJJJJJJJJJJJJ
nome=JJJJJJJJ;endereco=JJJJJJJJJJJJJJJJJ;telefone=JJJJJJJJJJJJJJJJJJJJJJJJJJJJJJJJJJJJ;cpf=JJJJJJJJJJJJJJJJJJJJ;email=JJJJJJJJJJJJJJJJJ;senha=JJJJJJJJJJJJJJJJJJ
nome=gaggggggggggggg;endereco=gggggggggggggggggg;telefone=gggggggggggggggggggggggggggggggggggggggg;cpf=ggggggggggggggggg;email=gggggggggggg;senha=ggggggggggggggg
nome=jjjjjjjjjj;endereco=jjjjjjj;telefone=jjjjjjjjjjjjjjjj;cpf=jjjjjjjjjjjjjjjj;email=jjjjjjjjjjjjjjjjjjjjjj;senha=jjjjjjjjjjjjjjjjjjjj
nome=hhhhhhhhhhhh;endereco=hhhhhhhhhhhhhhh;telefone=hhhhhhhhhhhhhhh;cpf=hhhhhhhhhhhhhhhhhhhh;email=hhhhhhhhhhhhhh;senha=hhhhhhhhhhhhhh
nome=jjjjjjj;endereco=jjjjjjjjjjjjjjj;telefone=jjjjjjjjjjjjj;cpf=jjjjjjjjjjjj;email=jjjjjjjjjjjjjjjjjj;senha=jjjjjjjjjjjjjjjj
nome=ghggggg;endereco=gggggggggggg;telefone=ggggggggggggggggggggggggggggggggg;cpf=ggggggggggggggggg;email=gggggggggggggg;senha=gggggggggggggggg
nome=kkkkkkkkkk;endereco=kkkkkkkkkkkkkkkkkk;telefone=kkkkkkkkkkkkkkkkkkk;cpf=kkkkkkkkkkk;email=kkkkkkkkkkkkkkkkkkkk;senha=kkkkkkkkkkkkk
nome=kkkkkkkkkk;endereco=kkkkkkkkkkkkkkkkkk;telefone=kkkkkkkkkkkkkkkkkkk;cpf=kkkkkkkkkkk;email=kkkkkkkkkkkkkkkkkkkk;senha=kkkkkkkkkkkkk
nome=kkkkkkkkkk;endereco=kkkkkkkkkkkkkkkkkk;telefone=kkkkkkkkkkkkkkkkkkk;cpf=kkkkkkkkkkk;email=kkkkkkkkkkkkkkkkkkkk;senha=kkkkkkkkkkkkk
nome=llllllllllll;endereco=llllllllllllllllllll;telefone=lllllllllllllllllll;cpf=lllllllll;email=llllllllllllll;senha=llllllllllllll
nome=jjjjjjjjjj;endereco=jjjjjjjjjjjjjjjj;telefone=jjjjjjjjjjjjjjj;cpf=jjjjjjjjjjjjjjj;email=jjjjjjjjjjjjjj;senha=jjjjjjjjjjjjjj
nome=jjjjjjjjj;endereco=jjjjjjjjjjjjjj;telefone=jjjjjjjjjjjjjjjj;cpf=jjjjjjjjjjjjjjj;email=jjjjjjjjjjjj;senha=jjjjjjjjjjjjjjjjjjjjjjjjj
nome=hhhhhhhhhh;endereco=hhhhhhhhhhhhhhhhh;telefone=hhhhhhhhhhhhh;cpf=hhhhhhhhhhhhhhhhhh;email=hhhhhhhhhhhhhh;senha=hhhhhhhhhhhhhhhhhh
nome=jjjjjjjjjj;endereco=jjjjjjjjjjjjjjjjjjjj;telefone=jjjjjjjjjjjj;cpf=jjjjjjjjjjjjj;email=jjjjjjjjjjjjjj;senha=jjjjjjjjjjjjjj
nome=jjjjjjjjjj;endereco=jjjjjjjjjjjjjjjjjjjj;telefone=jjjjjjjjjjjj;cpf=jjjjjjjjjjjjj;email=jjjjjjjjjjjjjj;senha=jjjjjjjjjjjjjj
nome=jjjjjjjjjj;endereco=jjjjjjjjjjjjjjjjjjjj;telefone=jjjjjjjjjjjj;cpf=jjjjjjjjjjjjj;email=jjjjjjjjjjjjjj;senha=jjjjjjjjjjjjjj
nome=jjjjjjjjjj;endereco=jjjjjjjjjjjjjjjjjjjj;telefone=jjjjjjjjjjjj;cpf=jjjjjjjjjjjjj;email=jjjjjjjjjjjjjj;senha=jjjjjjjjjjjjjj
nome=jjjjjjjjjj;endereco=jjjjjjjjjjjjjjjjjjjj;telefone=jjjjjjjjjjjj;cpf=jjjjjjjjjjjjj;email=jjjjjjjjjjjjjj;senha=jjjjjjjjjjjjjj
nome=jjjjjjjjjj;endereco=jjjjjjjjjjjjjjjjjjjj;telefone=jjjjjjjjjjjj;cpf=jjjjjjjjjjjjj;email=jjjjjjjjjjjjjj;senha=jjjjjjjjjjjjjj
nome=jjjjjjjjjj;endereco=jjjjjjjjjjjjjjjjjjjj;telefone=jjjjjjjjjjjj;cpf=jjjjjjjjjjjjj;email=jjjjjjjjjjjjjj;senha=jjjjjjjjjjjjjj
nome=jjjjjjjjjj;endereco=jjjjjjjjjjjjjjjjjjjj;telefone=jjjjjjjjjjjj;cpf=jjjjjjjjjjjjj;email=jjjjjjjjjjjjjj;senha=jjjjjjjjjjjjjj
nome=jjjjjjjjjj;endereco=jjjjjjjjjjjjjjjjjjjj;telefone=jjjjjjjjjjjj;cpf=jjjjjjjjjjjjj;email=jjjjjjjjjjjjjj;senha=jjjjjjjjjjjjjj
nome=jjjjjjjjjj;endereco=jjjjjjjjjjjjjjjjjjjj;telefone=jjjjjjjjjjjj;cpf=jjjjjjjjjjjjj;email=jjjjjjjjjjjjjj;senha=jjjjjjjjjjjjjj
nome=jjjjjjjjjj;endereco=jjjjjjjjjjjjjjjjjjjj;telefone=jjjjjjjjjjjj;cpf=jjjjjjjjjjjjj;email=jjjjjjjjjjjjjj;senha=11111111
nome=kkkkkk;endereco=kkkkkkkkkkkkkkkkk;telefone=kkkkkkkkk;cpf=kkkkkkkkkkkkk;email=kkkkkkkkkkkkk;senha=kkkkkkkkkkkkkkkkk
nome=hhhhhhhhhh;endereco=hhhhhhhhhhhhhhhhhh;telefone=hhhhhhhhhhhhhhhhh;cpf=hhhhhhhhhhhhhhhhhh;email=hhhhhhhhhhhhhhhh;senha=hhhhhhhhhhhhhhhh
nome=jjjjjjjjj;endereco=jjjjjjjjjjjjjjjjjjjjjjjjjjjjjjj;telefone=jjjjjjjjjjjjjjj;cpf=jjjjjjjjjjjjjj;email=jjjjjjjjjjjjjjjjj;senha=jjjjjjjjjjjjjj
nome=bbbbbbbbb;endereco=bbbbbbbbbbbbbbbb;telefone=bbbbbbbbbbbbbbbbbbbbb;cpf=bbbbbbbbbbbbbbbb;email=bbbbbbbbbbbbbbbb;senha=bbbbbbbbbbbbbb
nome=bbbbbbbb;endereco=bbbbbbbbbbbbbbbbbbbb;telefone=bbbbbbbb;cpf=bbbbbbbbbbbbb;email=bbbbb;senha=bbbbbbbbbbbbb
nome=admin;endereco=oooooooooo;telefone=ooooooooooooooo;cpf=oooooooooooo;email=admin@hotmail.com;senha=123123
nome=nnnnnnnnn;endereco=nnnnnnnnnnnnnnnn;telefone=nnnnnnnnnnnnn;cpf=nnnnnnnnnnnnnnn;email=nnnnnnnnnnnnn;senha=nnnnnnnnnnnnnnn
nome=hhhhhhhh;endereco=hhhhhhhhhhhhhhhh;telefone=hhhhhhhhhhhhhh;cpf=hhhhhhhhhhhhhhhhhhhhh;email=role@hotmail.com;senha=123456
nome=jjjjjjjj;endereco=jjjjjjjjj;telefone=jjjjjjjjjjjjjjjjjj;cpf=jjjjjjjjjjjjjjjjjjjjj;email=gabi@hotmail.com;senha=123123
nome=kkkkkkkk;endereco=kkkkkkkkkkkkkkk;telefone=kkkkkkkkkkkk;cpf=kkkkkkkkkkkk;email=kkkkkkkkkkkk;senha=kkkkkkkkkkkkkkkkk
nome=kkkkkkk;endereco=kkkkkkkkkkkkkkk;telefone=kkkkkkkkkkkkkkkkkkkkkk;cpf=kkkkkkkkkkkkk;email=kkkkkkkkkkkkk;senha=kkkkkkkkkkkkkkk
nome=hhhhhhhhhh;endereco=hhhhhhhhhhhhhhh;telefone=hhhhhhhhhhhhhh;cpf=hhhhhhhhh;email=hhhhhhhhhh;senha=hhhhhhhhhhhhhhhhhhhh
nome=fffffffffff;endereco=fffffffffffffffffffffffffffffffffff;telefone=fffffffffffffffffffff;cpf=fffffffffffff;email=ffffffffffffff;senha=fffffffffffffff
nome=jjjjjjj;endereco=jjjjjjjjjjjjjj;telefone=jjjjjjjjjjjjjjjjj;cpf=jjjjjjj;email=jjjjjjjjjjjjjjjj;senha=jjjjjjjjjjjjj
nome=jjjjjjjjjj;endereco=jjjjjjjjjjjjj;telefone=jjjjjjjjjjjjjjjjjjjjjjjjjjjjj;cpf=jjjjjjjjjjjjj;email=jjjjjjjjjjjjj;senha=jjjjjjjjjjjjjj
nome=jjjjjjjjjj;endereco=jjjjjjjjjjjjjj;telefone=jjjjjjjjjjjjjjjjjjjjjjjjjjjjjjjjjjjjjjjj;cpf=jjjjjjjjjjjjjjjj;email=jjjjjjjjjjjj;senha=jjjjjjjjjjjjjjjjjjjjjjjjjj
nome=hhhhhhhhhh;endereco=hhhhhhhhhhhhh;telefone=hhhhhhhhhhhhhhhh;cpf=hhhhhhhhhhhhhhhhhhhhhhhhhhhhhhhhhh;email=hhhhhhhhhhhhh;senha=hhhhhhhhhhhhh
nome=jjjjjjjjjj;endereco=jjjjjjjjjjjjjjj;telefone=jjjjjjjjjjjjjjjjjjjjjjjjjjjjjj;cpf=jjjjjjjjjjjjj;email=jjjjjjjjjjjj;senha=jjjjjjjjjjjjjjjjj
nome=uuuuuuuu;endereco=uuuuuuuuuuuuuuuuuuuuu;telefone=uuuuuuuuuuuuu;cpf=uuuuuuuuuuuu;email=uuuuuu;senha=uuuuuuuuuuuuuuuu
